
  {
    
        "resourceID": 3,
        "powerGeneration": [
          0.0,
          0.0,
          0.0,
          4.379506,
          5.720976,
          5.720976,
          4.379506,
          4.379506,
          4.379506,
          4.379506,
          4.379506,
          0.0,
          0.0,
          0.0,
          0.0,
          0.0,
          0.0,
          0.0,
          2.54781,
          2.54781,
          2.54781,
          2.54781,
          2.54781,
          2.54781
        ]
      }
     
